Estado,Ano,Faixa_Etaria,Nascimentos,Total_Ano
Acre,2000,10-14 anos,250,15228
Acre,2000,15-19 anos,4534,15228
Acre,2000,20-24 anos,5065,15228
Acre,2000,25-29 anos,2887,15228
Acre,2000,30-34 anos,1448,15228
Acre,2000,35-39 anos,663,15228
Acre,2000,40-44 anos,222,15228
Acre,2000,Idade ignorada,129,15228
Acre,2000,Outras idades,30,15228
Acre,2010,10-14 anos,283,16495
Acre,2010,15-19 anos,4139,16495
Acre,2010,20-24 anos,4636,16495
Acre,2010,25-29 anos,3717,16495
Acre,2010,30-34 anos,2325,16495
Acre,2010,35-39 anos,1043,16495
Acre,2010,40-44 anos,288,16495
Acre,2010,Idade ignorada,11,16495
Acre,2010,Outras idades,53,16495
Acre,2016,10-14 anos,305,15773
Acre,2016,15-19 anos,3813,15773
Acre,2016,20-24 anos,4247,15773
Acre,2016,25-29 anos,3191,15773
Acre,2016,30-34 anos,2505,15773
Acre,2016,35-39 anos,1335,15773
Acre,2016,40-44 anos,348,15773
Acre,2016,Idade ignorada,4,15773
Acre,2016,Outras idades,25,15773
Acre,2017,10-14 anos,280,16358
Acre,2017,15-19 anos,3867,16358
Acre,2017,20-24 anos,4338,16358
Acre,2017,25-29 anos,3366,16358
Acre,2017,30-34 anos,2624,16358
Acre,2017,35-39 anos,1460,16358
Acre,2017,40-44 anos,379,16358
Acre,2017,Idade ignorada,12,16358
Acre,2017,Outras idades,32,16358
Acre,2018,10-14 anos,297,16543
Acre,2018,15-19 anos,3832,16543
Acre,2018,20-24 anos,4300,16543
Acre,2018,25-29 anos,3498,16543
Acre,2018,30-34 anos,2602,16543
Acre,2018,35-39 anos,1581,16543
Acre,2018,40-44 anos,392,16543
Acre,2018,Idade ignorada,4,16543
Acre,2018,Outras idades,37,16543
Acre,2019,10-14 anos,243,16280
Acre,2019,15-19 anos,3658,16280
Acre,2019,20-24 anos,4303,16280
Acre,2019,25-29 anos,3480,16280
Acre,2019,30-34 anos,2592,16280
Acre,2019,35-39 anos,1544,16280
Acre,2019,40-44 anos,417,16280
Acre,2019,Idade ignorada,1,16280
Acre,2019,Outras idades,42,16280
Acre,2020,10-14 anos,206,15142
Acre,2020,15-19 anos,3293,15142
Acre,2020,20-24 anos,4097,15142
Acre,2020,25-29 anos,3154,15142
Acre,2020,30-34 anos,2474,15142
Acre,2020,35-39 anos,1474,15142
Acre,2020,40-44 anos,410,15142
Acre,2020,Idade ignorada,2,15142
Acre,2020,Outras idades,32,15142
Acre,2021,10-14 anos,258,15699
Acre,2021,15-19 anos,3413,15699
Acre,2021,20-24 anos,4170,15699
Acre,2021,25-29 anos,3340,15699
Acre,2021,30-34 anos,2478,15699
Acre,2021,35-39 anos,1543,15699
Acre,2021,40-44 anos,441,15699
Acre,2021,Idade ignorada,32,15699
Acre,2021,Outras idades,24,15699
Alagoas,2000,10-14 anos,797,65763
Alagoas,2000,15-19 anos,16368,65763
Alagoas,2000,20-24 anos,21781,65763
Alagoas,2000,25-29 anos,13600,65763
Alagoas,2000,30-34 anos,7623,65763
Alagoas,2000,35-39 anos,3912,65763
Alagoas,2000,40-44 anos,1239,65763
Alagoas,2000,Idade ignorada,261,65763
Alagoas,2000,Outras idades,182,65763
Alagoas,2010,10-14 anos,836,54164
Alagoas,2010,15-19 anos,12393,54164
Alagoas,2010,20-24 anos,16730,54164
Alagoas,2010,25-29 anos,12413,54164
Alagoas,2010,30-34 anos,7369,54164
Alagoas,2010,35-39 anos,3401,54164
Alagoas,2010,40-44 anos,947,54164
Alagoas,2010,Idade ignorada,1,54164
Alagoas,2010,Outras idades,74,54164
Alagoas,2016,10-14 anos,739,48164
Alagoas,2016,15-19 anos,11657,48164
Alagoas,2016,20-24 anos,13672,48164
Alagoas,2016,25-29 anos,10182,48164
Alagoas,2016,30-34 anos,7520,48164
Alagoas,2016,35-39 anos,3496,48164
Alagoas,2016,40-44 anos,851,48164
Alagoas,2016,Outras idades,47,48164
Alagoas,2017,10-14 anos,724,50368
Alagoas,2017,15-19 anos,11625,50368
Alagoas,2017,20-24 anos,14340,50368
Alagoas,2017,25-29 anos,10886,50368
Alagoas,2017,30-34 anos,7938,50368
Alagoas,2017,35-39 anos,3816,50368
Alagoas,2017,40-44 anos,991,50368
Alagoas,2017,Outras idades,48,50368
Alagoas,2018,10-14 anos,662,52496
Alagoas,2018,15-19 anos,11278,52496
Alagoas,2018,20-24 anos,14696,52496
Alagoas,2018,25-29 anos,11516,52496
Alagoas,2018,30-34 anos,8775,52496
Alagoas,2018,35-39 anos,4465,52496
Alagoas,2018,40-44 anos,1032,52496
Alagoas,2018,Outras idades,72,52496
Alagoas,2019,10-14 anos,606,49803
Alagoas,2019,15-19 anos,10030,49803
Alagoas,2019,20-24 anos,14205,49803
Alagoas,2019,25-29 anos,10804,49803
Alagoas,2019,30-34 anos,8458,49803
Alagoas,2019,35-39 anos,4563,49803
Alagoas,2019,40-44 anos,1066,49803
Alagoas,2019,Outras idades,71,49803
Alagoas,2020,10-14 anos,546,48341
Alagoas,2020,15-19 anos,9309,48341
Alagoas,2020,20-24 anos,13658,48341
Alagoas,2020,25-29 anos,11147,48341
Alagoas,2020,30-34 anos,8146,48341
Alagoas,2020,35-39 anos,4345,48341
Alagoas,2020,40-44 anos,1133,48341
Alagoas,2020,Outras idades,57,48341
Alagoas,2021,10-14 anos,547,48808
Alagoas,2021,15-19 anos,8997,48808
Alagoas,2021,20-24 anos,13810,48808
Alagoas,2021,25-29 anos,11523,48808
Alagoas,2021,30-34 anos,8095,48808
Alagoas,2021,35-39 anos,4607,48808
Alagoas,2021,40-44 anos,1158,48808
Alagoas,2021,Outras idades,71,48808
Amapá,2000,10-14 anos,196,14238
Amapá,2000,15-19 anos,3784,14238
Amapá,2000,20-24 anos,4715,14238
Amapá,2000,25-29 anos,3094,14238
Amapá,2000,30-34 anos,1511,14238
Amapá,2000,35-39 anos,702,14238
Amapá,2000,40-44 anos,173,14238
Amapá,2000,Idade ignorada,43,14238
Amapá,2000,Outras idades,20,14238
Amapá,2010,10-14 anos,235,15008
Amapá,2010,15-19 anos,3604,15008
Amapá,2010,20-24 anos,4425,15008
Amapá,2010,25-29 anos,3480,15008
Amapá,2010,30-34 anos,2020,15008
Amapá,2010,35-39 anos,965,15008
Amapá,2010,40-44 anos,251,15008
Amapá,2010,Outras idades,28,15008
Amapá,2016,10-14 anos,211,15521
Amapá,2016,15-19 anos,3623,15521
Amapá,2016,20-24 anos,4324,15521
Amapá,2016,25-29 anos,3353,15521
Amapá,2016,30-34 anos,2426,15521
Amapá,2016,35-39 anos,1256,15521
Amapá,2016,40-44 anos,308,15521
Amapá,2016,Idade ignorada,2,15521
Amapá,2016,Outras idades,18,15521
Amapá,2017,10-14 anos,215,15399
Amapá,2017,15-19 anos,3372,15399
Amapá,2017,20-24 anos,4130,15399
Amapá,2017,25-29 anos,3391,15399
Amapá,2017,30-34 anos,2524,15399
Amapá,2017,35-39 anos,1354,15399
Amapá,2017,40-44 anos,385,15399
Amapá,2017,Idade ignorada,2,15399
Amapá,2017,Outras idades,26,15399
Amapá,2018,10-14 anos,195,15864
Amapá,2018,15-19 anos,3446,15864
Amapá,2018,20-24 anos,4387,15864
Amapá,2018,25-29 anos,3423,15864
Amapá,2018,30-34 anos,2575,15864
Amapá,2018,35-39 anos,1455,15864
Amapá,2018,40-44 anos,347,15864
Amapá,2018,Idade ignorada,1,15864
Amapá,2018,Outras idades,35,15864
Amapá,2019,10-14 anos,173,15356
Amapá,2019,15-19 anos,3086,15356
Amapá,2019,20-24 anos,4245,15356
Amapá,2019,25-29 anos,3401,15356
Amapá,2019,30-34 anos,2597,15356
Amapá,2019,35-39 anos,1429,15356
Amapá,2019,40-44 anos,404,15356
Amapá,2019,Idade ignorada,1,15356
Amapá,2019,Outras idades,20,15356
Amapá,2020,10-14 anos,188,14633
Amapá,2020,15-19 anos,2866,14633
Amapá,2020,20-24 anos,4033,14633
Amapá,2020,25-29 anos,3191,14633
Amapá,2020,30-34 anos,2447,14633
Amapá,2020,35-39 anos,1437,14633
Amapá,2020,40-44 anos,442,14633
Amapá,2020,Idade ignorada,7,14633
Amapá,2020,Outras idades,22,14633
Amapá,2021,10-14 anos,181,14993
Amapá,2021,15-19 anos,2909,14993
Amapá,2021,20-24 anos,4049,14993
Amapá,2021,25-29 anos,3282,14993
Amapá,2021,30-34 anos,2522,14993
Amapá,2021,35-39 anos,1546,14993
Amapá,2021,40-44 anos,465,14993
Amapá,2021,Idade ignorada,5,14993
Amapá,2021,Outras idades,34,14993
Amazonas,2000,10-14 anos,938,67646
Amazonas,2000,15-19 anos,18698,67646
Amazonas,2000,20-24 anos,22859,67646
Amazonas,2000,25-29 anos,13780,67646
Amazonas,2000,30-34 anos,6639,67646
Amazonas,2000,35-39 anos,2998,67646
Amazonas,2000,40-44 anos,893,67646
Amazonas,2000,Idade ignorada,732,67646
Amazonas,2000,Outras idades,109,67646
Amazonas,2010,10-14 anos,1222,74188
Amazonas,2010,15-19 anos,17960,74188
Amazonas,2010,20-24 anos,22018,74188
Amazonas,2010,25-29 anos,16990,74188
Amazonas,2010,30-34 anos,10152,74188
Amazonas,2010,35-39 anos,4579,74188
Amazonas,2010,40-44 anos,1139,74188
Amazonas,2010,Outras idades,128,74188
Amazonas,2016,10-14 anos,1302,76703
Amazonas,2016,15-19 anos,18134,76703
Amazonas,2016,20-24 anos,21793,76703
Amazonas,2016,25-29 anos,16001,76703
Amazonas,2016,30-34 anos,11827,76703
Amazonas,2016,35-39 anos,5945,76703
Amazonas,2016,40-44 anos,1549,76703
Amazonas,2016,Idade ignorada,6,76703
Amazonas,2016,Outras idades,146,76703
Amazonas,2017,10-14 anos,1251,78066
Amazonas,2017,15-19 anos,18323,78066
Amazonas,2017,20-24 anos,21916,78066
Amazonas,2017,25-29 anos,16265,78066
Amazonas,2017,30-34 anos,11923,78066
Amazonas,2017,35-39 anos,6586,78066
Amazonas,2017,40-44 anos,1653,78066
Amazonas,2017,Idade ignorada,3,78066
Amazonas,2017,Outras idades,146,78066
Amazonas,2018,10-14 anos,1259,78087
Amazonas,2018,15-19 anos,17931,78087
Amazonas,2018,20-24 anos,22041,78087
Amazonas,2018,25-29 anos,15963,78087
Amazonas,2018,30-34 anos,12265,78087
Amazonas,2018,35-39 anos,6724,78087
Amazonas,2018,40-44 anos,1753,78087
Amazonas,2018,Idade ignorada,10,78087
Amazonas,2018,Outras idades,141,78087
Amazonas,2019,10-14 anos,1248,77622
Amazonas,2019,15-19 anos,17311,77622
Amazonas,2019,20-24 anos,21798,77622
Amazonas,2019,25-29 anos,16577,77622
Amazonas,2019,30-34 anos,11868,77622
Amazonas,2019,35-39 anos,6925,77622
Amazonas,2019,40-44 anos,1747,77622
Amazonas,2019,Idade ignorada,8,77622
Amazonas,2019,Outras idades,140,77622
Amazonas,2020,10-14 anos,1075,75635
Amazonas,2020,15-19 anos,16332,75635
Amazonas,2020,20-24 anos,21111,75635
Amazonas,2020,25-29 anos,16678,75635
Amazonas,2020,30-34 anos,11593,75635
Amazonas,2020,35-39 anos,6845,75635
Amazonas,2020,40-44 anos,1843,75635
Amazonas,2020,Idade ignorada,10,75635
Amazonas,2020,Outras idades,148,75635
Amazonas,2021,10-14 anos,1188,78454
Amazonas,2021,15-19 anos,16570,78454
Amazonas,2021,20-24 anos,22032,78454
Amazonas,2021,25-29 anos,17668,78454
Amazonas,2021,30-34 anos,11856,78454
Amazonas,2021,35-39 anos,6909,78454
Amazonas,2021,40-44 anos,2074,78454
Amazonas,2021,Idade ignorada,4,78454
Amazonas,2021,Outras idades,153,78454
Bahia,2000,10-14 anos,2500,239530
Bahia,2000,15-19 anos,60639,239530
Bahia,2000,20-24 anos,76980,239530
Bahia,2000,25-29 anos,47847,239530
Bahia,2000,30-34 anos,27727,239530
Bahia,2000,35-39 anos,13672,239530
Bahia,2000,40-44 anos,4386,239530
Bahia,2000,Idade ignorada,5242,239530
Bahia,2000,Outras idades,537,239530
Bahia,2010,10-14 anos,2486,212201
Bahia,2010,15-19 anos,42862,212201
Bahia,2010,20-24 anos,59603,212201
Bahia,2010,25-29 anos,52781,212201
Bahia,2010,30-34 anos,34494,212201
Bahia,2010,35-39 anos,15387,212201
Bahia,2010,40-44 anos,4182,212201
Bahia,2010,Idade ignorada,16,212201
Bahia,2010,Outras idades,390,212201
Bahia,2016,10-14 anos,2192,199830
Bahia,2016,15-19 anos,37663,199830
Bahia,2016,20-24 anos,50151,199830
Bahia,2016,25-29 anos,45588,199830
Bahia,2016,30-34 anos,38541,199830
Bahia,2016,35-39 anos,20406,199830
Bahia,2016,40-44 anos,4912,199830
Bahia,2016,Idade ignorada,4,199830
Bahia,2016,Outras idades,373,199830
Bahia,2017,10-14 anos,2155,204096
Bahia,2017,15-19 anos,36712,204096
Bahia,2017,20-24 anos,50682,204096
Bahia,2017,25-29 anos,46209,204096
Bahia,2017,30-34 anos,40320,204096
Bahia,2017,35-39 anos,22271,204096
Bahia,2017,40-44 anos,5363,204096
Bahia,2017,Outras idades,384,204096
Bahia,2018,10-14 anos,2014,205332
Bahia,2018,15-19 anos,34723,205332
Bahia,2018,20-24 anos,49562,205332
Bahia,2018,25-29 anos,46328,205332
Bahia,2018,30-34 anos,41857,205332
Bahia,2018,35-39 anos,24339,205332
Bahia,2018,40-44 anos,6056,205332
Bahia,2018,Idade ignorada,3,205332
Bahia,2018,Outras idades,450,205332
Bahia,2019,10-14 anos,1808,197249
Bahia,2019,15-19 anos,31845,197249
Bahia,2019,20-24 anos,47267,197249
Bahia,2019,25-29 anos,44505,197249
Bahia,2019,30-34 anos,40286,197249
Bahia,2019,35-39 anos,24692,197249
Bahia,2019,40-44 anos,6406,197249
Bahia,2019,Outras idades,440,197249
Bahia,2020,10-14 anos,1568,188960
Bahia,2020,15-19 anos,28777,188960
Bahia,2020,20-24 anos,45524,188960
Bahia,2020,25-29 anos,43707,188960
Bahia,2020,30-34 anos,37989,188960
Bahia,2020,35-39 anos,24210,188960
Bahia,2020,40-44 anos,6738,188960
Bahia,2020,Idade ignorada,1,188960
Bahia,2020,Outras idades,446,188960
Bahia,2021,10-14 anos,1564,185459
Bahia,2021,15-19 anos,27071,185459
Bahia,2021,20-24 anos,45257,185459
Bahia,2021,25-29 anos,43883,185459
Bahia,2021,30-34 anos,36055,185459
Bahia,2021,35-39 anos,24065,185459
Bahia,2021,40-44 anos,7110,185459
Bahia,2021,Menor de 10 anos,1,185459
Bahia,2021,Outras idades,453,185459
Ceará,2000,10-14 anos,1520,143393
Ceará,2000,15-19 anos,32285,143393
Ceará,2000,20-24 anos,43337,143393
Ceará,2000,25-29 anos,31088,143393
Ceará,2000,30-34 anos,19756,143393
Ceará,2000,35-39 anos,10992,143393
Ceará,2000,40-44 anos,3274,143393
Ceará,2000,Idade ignorada,814,143393
Ceará,2000,Outras idades,327,143393
Ceará,2010,10-14 anos,1510,128831
Ceará,2010,15-19 anos,24933,128831
Ceará,2010,20-24 anos,36892,128831
Ceará,2010,25-29 anos,30975,128831
Ceará,2010,30-34 anos,21277,128831
Ceará,2010,35-39 anos,10033,128831
Ceará,2010,40-44 anos,2953,128831
Ceará,2010,Idade ignorada,8,128831
Ceará,2010,Outras idades,250,128831
Ceará,2016,10-14 anos,1336,126246
Ceará,2016,15-19 anos,22698,126246
Ceará,2016,20-24 anos,33472,126246
Ceará,2016,25-29 anos,30183,126246
Ceará,2016,30-34 anos,23364,126246
Ceará,2016,35-39 anos,11979,126246
Ceará,2016,40-44 anos,3015,126246
Ceará,2016,Idade ignorada,2,126246
Ceará,2016,Menor de 10 anos,2,126246
Ceará,2016,Outras idades,195,126246
Ceará,2017,10-14 anos,1199,127797
Ceará,2017,15-19 anos,21535,127797
Ceará,2017,20-24 anos,33522,127797
Ceará,2017,25-29 anos,30500,127797
Ceará,2017,30-34 anos,24664,127797
Ceará,2017,35-39 anos,12963,127797
Ceará,2017,40-44 anos,3194,127797
Ceará,2017,Outras idades,220,127797
Ceará,2018,10-14 anos,1131,131491
Ceará,2018,15-19 anos,20485,131491
Ceará,2018,20-24 anos,33790,131491
Ceará,2018,25-29 anos,31484,131491
Ceará,2018,30-34 anos,26480,131491
Ceará,2018,35-39 anos,14350,131491
Ceará,2018,40-44 anos,3565,131491
Ceará,2018,Outras idades,206,131491
Ceará,2019,10-14 anos,1012,129185
Ceará,2019,15-19 anos,18731,129185
Ceará,2019,20-24 anos,32472,129185
Ceará,2019,25-29 anos,30812,129185
Ceará,2019,30-34 anos,27188,129185
Ceará,2019,35-39 anos,14909,129185
Ceará,2019,40-44 anos,3839,129185
Ceará,2019,Outras idades,222,129185
Ceará,2020,10-14 anos,979,121904
Ceará,2020,15-19 anos,16546,121904
Ceará,2020,20-24 anos,30413,121904
Ceará,2020,25-29 anos,29794,121904
Ceará,2020,30-34 anos,25496,121904
Ceará,2020,35-39 anos,14456,121904
Ceará,2020,40-44 anos,3978,121904
Ceará,2020,Outras idades,242,121904
Ceará,2021,10-14 anos,960,120266
Ceará,2021,15-19 anos,15628,120266
Ceará,2021,20-24 anos,29847,120266
Ceará,2021,25-29 anos,30368,120266
Ceará,2021,30-34 anos,24403,120266
Ceará,2021,35-39 anos,14705,120266
Ceará,2021,40-44 anos,4103,120266
Ceará,2021,Outras idades,252,120266
Distrito Federal,2000,10-14 anos,273,47991
Distrito Federal,2000,15-19 anos,9232,47991
Distrito Federal,2000,20-24 anos,15075,47991
Distrito Federal,2000,25-29 anos,12009,47991
Distrito Federal,2000,30-34 anos,7459,47991
Distrito Federal,2000,35-39 anos,3140,47991
Distrito Federal,2000,40-44 anos,651,47991
Distrito Federal,2000,Idade ignorada,100,47991
Distrito Federal,2000,Outras idades,52,47991
Distrito Federal,2010,10-14 anos,215,44251
Distrito Federal,2010,15-19 anos,5749,44251
Distrito Federal,2010,20-24 anos,10492,44251
Distrito Federal,2010,25-29 anos,11872,44251
Distrito Federal,2010,30-34 anos,9795,44251
Distrito Federal,2010,35-39 anos,4879,44251
Distrito Federal,2010,40-44 anos,1175,44251
Distrito Federal,2010,Outras idades,74,44251
Distrito Federal,2016,10-14 anos,171,43340
Distrito Federal,2016,15-19 anos,4988,43340
Distrito Federal,2016,20-24 anos,9346,43340
Distrito Federal,2016,25-29 anos,10074,43340
Distrito Federal,2016,30-34 anos,10653,43340
Distrito Federal,2016,35-39 anos,6394,43340
Distrito Federal,2016,40-44 anos,1599,43340
Distrito Federal,2016,Outras idades,115,43340
Distrito Federal,2017,10-14 anos,134,44568
Distrito Federal,2017,15-19 anos,4825,44568
Distrito Federal,2017,20-24 anos,9429,44568
Distrito Federal,2017,25-29 anos,10472,44568
Distrito Federal,2017,30-34 anos,10694,44568
Distrito Federal,2017,35-39 anos,7128,44568
Distrito Federal,2017,40-44 anos,1748,44568
Distrito Federal,2017,Outras idades,138,44568
Distrito Federal,2018,10-14 anos,158,44195
Distrito Federal,2018,15-19 anos,4576,44195
Distrito Federal,2018,20-24 anos,9027,44195
Distrito Federal,2018,25-29 anos,10072,44195
Distrito Federal,2018,30-34 anos,10674,44195
Distrito Federal,2018,35-39 anos,7668,44195
Distrito Federal,2018,40-44 anos,1879,44195
Distrito Federal,2018,Outras idades,141,44195
Distrito Federal,2019,10-14 anos,160,42422
Distrito Federal,2019,15-19 anos,4201,42422
Distrito Federal,2019,20-24 anos,8682,42422
Distrito Federal,2019,25-29 anos,9512,42422
Distrito Federal,2019,30-34 anos,10128,42422
Distrito Federal,2019,35-39 anos,7516,42422
Distrito Federal,2019,40-44 anos,2078,42422
Distrito Federal,2019,Idade ignorada,1,42422
Distrito Federal,2019,Outras idades,144,42422
Distrito Federal,2020,10-14 anos,123,39361
Distrito Federal,2020,15-19 anos,3649,39361
Distrito Federal,2020,20-24 anos,8053,39361
Distrito Federal,2020,25-29 anos,8986,39361
Distrito Federal,2020,30-34 anos,9209,39361
Distrito Federal,2020,35-39 anos,7173,39361
Distrito Federal,2020,40-44 anos,2017,39361
Distrito Federal,2020,Outras idades,151,39361
Distrito Federal,2021,10-14 anos,109,38035
Distrito Federal,2021,15-19 anos,3214,38035
Distrito Federal,2021,20-24 anos,7616,38035
Distrito Federal,2021,25-29 anos,9027,38035
Distrito Federal,2021,30-34 anos,8956,38035
Distrito Federal,2021,35-39 anos,6915,38035
Distrito Federal,2021,40-44 anos,2048,38035
Distrito Federal,2021,Outras idades,150,38035
Espírito Santo,2000,10-14 anos,461,58380
Espírito Santo,2000,15-19 anos,12916,58380
Espírito Santo,2000,20-24 anos,18989,58380
Espírito Santo,2000,25-29 anos,13479,58380
Espírito Santo,2000,30-34 anos,7915,58380
Espírito Santo,2000,35-39 anos,3633,58380
Espírito Santo,2000,40-44 anos,796,58380
Espírito Santo,2000,Idade ignorada,136,58380
Espírito Santo,2000,Outras idades,55,58380
Espírito Santo,2010,10-14 anos,404,51853
Espírito Santo,2010,15-19 anos,8672,51853
Espírito Santo,2010,20-24 anos,14281,51853
Espírito Santo,2010,25-29 anos,13851,51853
Espírito Santo,2010,30-34 anos,9457,51853
Espírito Santo,2010,35-39 anos,4176,51853
Espírito Santo,2010,40-44 anos,952,51853
Espírito Santo,2010,Outras idades,60,51853
Espírito Santo,2016,10-14 anos,418,53413
Espírito Santo,2016,15-19 anos,8191,53413
Espírito Santo,2016,20-24 anos,12667,53413
Espírito Santo,2016,25-29 anos,13210,53413
Espírito Santo,2016,30-34 anos,11486,53413
Espírito Santo,2016,35-39 anos,6015,53413
Espírito Santo,2016,40-44 anos,1348,53413
Espírito Santo,2016,Outras idades,78,53413
Espírito Santo,2017,10-14 anos,371,55846
Espírito Santo,2017,15-19 anos,7816,55846
Espírito Santo,2017,20-24 anos,12901,55846
Espírito Santo,2017,25-29 anos,13672,55846
Espírito Santo,2017,30-34 anos,12438,55846
Espírito Santo,2017,35-39 anos,7049,55846
Espírito Santo,2017,40-44 anos,1513,55846
Espírito Santo,2017,Outras idades,86,55846
Espírito Santo,2018,10-14 anos,345,56721
Espírito Santo,2018,15-19 anos,7429,56721
Espírito Santo,2018,20-24 anos,12969,56721
Espírito Santo,2018,25-29 anos,13370,56721
Espírito Santo,2018,30-34 anos,12992,56721
Espírito Santo,2018,35-39 anos,7826,56721
Espírito Santo,2018,40-44 anos,1711,56721
Espírito Santo,2018,Outras idades,79,56721
Espírito Santo,2019,10-14 anos,281,54925
Espírito Santo,2019,15-19 anos,6985,54925
Espírito Santo,2019,20-24 anos,12423,54925
Espírito Santo,2019,25-29 anos,12895,54925
Espírito Santo,2019,30-34 anos,12671,54925
Espírito Santo,2019,35-39 anos,7740,54925
Espírito Santo,2019,40-44 anos,1832,54925
Espírito Santo,2019,Outras idades,98,54925
Espírito Santo,2020,10-14 anos,308,53767
Espírito Santo,2020,15-19 anos,6520,53767
Espírito Santo,2020,20-24 anos,12098,53767
Espírito Santo,2020,25-29 anos,12945,53767
Espírito Santo,2020,30-34 anos,12193,53767
Espírito Santo,2020,35-39 anos,7677,53767
Espírito Santo,2020,40-44 anos,1896,53767
Espírito Santo,2020,Outras idades,130,53767
Espírito Santo,2021,10-14 anos,300,52493
Espírito Santo,2021,15-19 anos,6186,52493
Espírito Santo,2021,20-24 anos,12034,52493
Espírito Santo,2021,25-29 anos,12600,52493
Espírito Santo,2021,30-34 anos,11769,52493
Espírito Santo,2021,35-39 anos,7415,52493
Espírito Santo,2021,40-44 anos,2097,52493
Espírito Santo,2021,Outras idades,92,52493
Goiás,2000,10-14 anos,902,94746
Goiás,2000,15-19 anos,24190,94746
Goiás,2000,20-24 anos,33982,94746
Goiás,2000,25-29 anos,20829,94746
Goiás,2000,30-34 anos,9867,94746
Goiás,2000,35-39 anos,3651,94746
Goiás,2000,40-44 anos,699,94746
Goiás,2000,Idade ignorada,568,94746
Goiás,2000,Outras idades,58,94746
Goiás,2010,10-14 anos,801,87476
Goiás,2010,15-19 anos,16070,87476
Goiás,2010,20-24 anos,25669,87476
Goiás,2010,25-29 anos,23232,87476
Goiás,2010,30-34 anos,14636,87476
Goiás,2010,35-39 anos,5672,87476
Goiás,2010,40-44 anos,1223,87476
Goiás,2010,Idade ignorada,101,87476
Goiás,2010,Outras idades,72,87476
Goiás,2016,10-14 anos,738,95563
Goiás,2016,15-19 anos,15751,95563
Goiás,2016,20-24 anos,25590,95563
Goiás,2016,25-29 anos,24293,95563
Goiás,2016,30-34 anos,18284,95563
Goiás,2016,35-39 anos,8930,95563
Goiás,2016,40-44 anos,1865,95563
Goiás,2016,Idade ignorada,1,95563
Goiás,2016,Outras idades,111,95563
Goiás,2017,10-14 anos,597,97520
Goiás,2017,15-19 anos,14413,97520
Goiás,2017,20-24 anos,25705,97520
Goiás,2017,25-29 anos,24889,97520
Goiás,2017,30-34 anos,19757,97520
Goiás,2017,35-39 anos,9836,97520
Goiás,2017,40-44 anos,2189,97520
Goiás,2017,Idade ignorada,3,97520
Goiás,2017,Outras idades,131,97520
Goiás,2018,10-14 anos,583,98872
Goiás,2018,15-19 anos,13697,98872
Goiás,2018,20-24 anos,25686,98872
Goiás,2018,25-29 anos,24912,98872
Goiás,2018,30-34 anos,20493,98872
Goiás,2018,35-39 anos,10955,98872
Goiás,2018,40-44 anos,2391,98872
Goiás,2018,Idade ignorada,5,98872
Goiás,2018,Outras idades,150,98872
Goiás,2019,10-14 anos,530,96112
Goiás,2019,15-19 anos,12800,96112
Goiás,2019,20-24 anos,24760,96112
Goiás,2019,25-29 anos,24325,96112
Goiás,2019,30-34 anos,19948,96112
Goiás,2019,35-39 anos,10934,96112
Goiás,2019,40-44 anos,2645,96112
Goiás,2019,Idade ignorada,1,96112
Goiás,2019,Outras idades,169,96112
Goiás,2020,10-14 anos,474,92768
Goiás,2020,15-19 anos,11730,92768
Goiás,2020,20-24 anos,23656,92768
Goiás,2020,25-29 anos,23875,92768
Goiás,2020,30-34 anos,19511,92768
Goiás,2020,35-39 anos,10782,92768
Goiás,2020,40-44 anos,2590,92768
Goiás,2020,Idade ignorada,1,92768
Goiás,2020,Outras idades,149,92768
Goiás,2021,10-14 anos,452,90961
Goiás,2021,15-19 anos,11376,90961
Goiás,2021,20-24 anos,23078,90961
Goiás,2021,25-29 anos,23709,90961
Goiás,2021,30-34 anos,18666,90961
Goiás,2021,35-39 anos,10776,90961
Goiás,2021,40-44 anos,2743,90961
Goiás,2021,Idade ignorada,1,90961
Goiás,2021,Outras idades,160,90961
Maranhão,2000,10-14 anos,1441,100811
Maranhão,2000,15-19 anos,30458,100811
Maranhão,2000,20-24 anos,36349,100811
Maranhão,2000,25-29 anos,17153,100811
Maranhão,2000,30-34 anos,8182,100811
Maranhão,2000,35-39 anos,3873,100811
Maranhão,2000,40-44 anos,1217,100811
Maranhão,2000,Idade ignorada,1973,100811
Maranhão,2000,Outras idades,165,100811
Maranhão,2010,10-14 anos,1832,119566
Maranhão,2010,15-19 anos,29683,119566
Maranhão,2010,20-24 anos,41050,119566
Maranhão,2010,25-29 anos,27148,119566
Maranhão,2010,30-34 anos,13085,119566
Maranhão,2010,35-39 anos,5132,119566
Maranhão,2010,40-44 anos,1468,119566
Maranhão,2010,Outras idades,168,119566
Maranhão,2016,10-14 anos,1634,110493
Maranhão,2016,15-19 anos,26523,110493
Maranhão,2016,20-24 anos,32539,110493
Maranhão,2016,25-29 anos,25275,110493
Maranhão,2016,30-34 anos,16179,110493
Maranhão,2016,35-39 anos,6678,110493
Maranhão,2016,40-44 anos,1529,110493
Maranhão,2016,Menor de 10 anos,1,110493
Maranhão,2016,Outras idades,135,110493
Maranhão,2017,10-14 anos,1521,112985
Maranhão,2017,15-19 anos,26192,112985
Maranhão,2017,20-24 anos,32993,112985
Maranhão,2017,25-29 anos,25886,112985
Maranhão,2017,30-34 anos,17071,112985
Maranhão,2017,35-39 anos,7547,112985
Maranhão,2017,40-44 anos,1634,112985
Maranhão,2017,Outras idades,141,112985
Maranhão,2018,10-14 anos,1546,117156
Maranhão,2018,15-19 anos,26136,117156
Maranhão,2018,20-24 anos,33792,117156
Maranhão,2018,25-29 anos,26773,117156
Maranhão,2018,30-34 anos,18466,117156
Maranhão,2018,35-39 anos,8450,117156
Maranhão,2018,40-44 anos,1852,117156
Maranhão,2018,Outras idades,141,117156
Maranhão,2019,10-14 anos,1405,113317
Maranhão,2019,15-19 anos,24339,113317
Maranhão,2019,20-24 anos,32730,113317
Maranhão,2019,25-29 anos,25734,113317
Maranhão,2019,30-34 anos,18191,113317
Maranhão,2019,35-39 anos,8882,113317
Maranhão,2019,40-44 anos,1905,113317
Maranhão,2019,Outras idades,131,113317
Maranhão,2020,10-14 anos,1287,106079
Maranhão,2020,15-19 anos,21845,106079
Maranhão,2020,20-24 anos,30865,106079
Maranhão,2020,25-29 anos,24054,106079
Maranhão,2020,30-34 anos,17201,106079
Maranhão,2020,35-39 anos,8579,106079
Maranhão,2020,40-44 anos,2112,106079
Maranhão,2020,Outras idades,136,106079
Maranhão,2021,10-14 anos,1429,108667
Maranhão,2021,15-19 anos,22182,108667
Maranhão,2021,20-24 anos,31822,108667
Maranhão,2021,25-29 anos,24339,108667
Maranhão,2021,30-34 anos,17317,108667
Maranhão,2021,35-39 anos,9200,108667
Maranhão,2021,40-44 anos,2199,108667
Maranhão,2021,Outras idades,179,108667
Mato Grosso,2000,10-14 anos,705,49478
Mato Grosso,2000,15-19 anos,13983,49478
Mato Grosso,2000,20-24 anos,17736,49478
Mato Grosso,2000,25-29 anos,10153,49478
Mato Grosso,2000,30-34 anos,4539,49478
Mato Grosso,2000,35-39 anos,1817,49478
Mato Grosso,2000,40-44 anos,427,49478
Mato Grosso,2000,Idade ignorada,78,49478
Mato Grosso,2000,Outras idades,40,49478
Mato Grosso,2010,10-14 anos,560,48929
Mato Grosso,2010,15-19 anos,10241,48929
Mato Grosso,2010,20-24 anos,14755,48929
Mato Grosso,2010,25-29 anos,12483,48929
Mato Grosso,2010,30-34 anos,7470,48929
Mato Grosso,2010,35-39 anos,2818,48929
Mato Grosso,2010,40-44 anos,562,48929
Mato Grosso,2010,Outras idades,40,48929
Mato Grosso,2016,10-14 anos,544,53531
Mato Grosso,2016,15-19 anos,9504,53531
Mato Grosso,2016,20-24 anos,15005,53531
Mato Grosso,2016,25-29 anos,13356,53531
Mato Grosso,2016,30-34 anos,9678,53531
Mato Grosso,2016,35-39 anos,4470,53531
Mato Grosso,2016,40-44 anos,922,53531
Mato Grosso,2016,Outras idades,52,53531
Mato Grosso,2017,10-14 anos,518,57271
Mato Grosso,2017,15-19 anos,9430,57271
Mato Grosso,2017,20-24 anos,15851,57271
Mato Grosso,2017,25-29 anos,14554,57271
Mato Grosso,2017,30-34 anos,10728,57271
Mato Grosso,2017,35-39 anos,5062,57271
Mato Grosso,2017,40-44 anos,1059,57271
Mato Grosso,2017,Outras idades,69,57271
Mato Grosso,2018,10-14 anos,488,58649
Mato Grosso,2018,15-19 anos,9075,58649
Mato Grosso,2018,20-24 anos,15828,58649
Mato Grosso,2018,25-29 anos,14728,58649
Mato Grosso,2018,30-34 anos,11505,58649
Mato Grosso,2018,35-39 anos,5843,58649
Mato Grosso,2018,40-44 anos,1116,58649
Mato Grosso,2018,Outras idades,66,58649
Mato Grosso,2019,10-14 anos,491,58852
Mato Grosso,2019,15-19 anos,8916,58852
Mato Grosso,2019,20-24 anos,15514,58852
Mato Grosso,2019,25-29 anos,14848,58852
Mato Grosso,2019,30-34 anos,11547,58852
Mato Grosso,2019,35-39 anos,6062,58852
Mato Grosso,2019,40-44 anos,1398,58852
Mato Grosso,2019,Idade ignorada,1,58852
Mato Grosso,2019,Outras idades,75,58852
Mato Grosso,2020,10-14 anos,445,57037
Mato Grosso,2020,15-19 anos,8318,57037
Mato Grosso,2020,20-24 anos,15085,57037
Mato Grosso,2020,25-29 anos,14487,57037
Mato Grosso,2020,30-34 anos,11077,57037
Mato Grosso,2020,35-39 anos,6111,57037
Mato Grosso,2020,40-44 anos,1417,57037
Mato Grosso,2020,Outras idades,97,57037
Mato Grosso,2021,10-14 anos,491,57841
Mato Grosso,2021,15-19 anos,8524,57841
Mato Grosso,2021,20-24 anos,15296,57841
Mato Grosso,2021,25-29 anos,14636,57841
Mato Grosso,2021,30-34 anos,11224,57841
Mato Grosso,2021,35-39 anos,6067,57841
Mato Grosso,2021,40-44 anos,1515,57841
Mato Grosso,2021,Idade ignorada,2,57841
Mato Grosso,2021,Outras idades,86,57841
Mato Grosso do Sul,2000,10-14 anos,590,40490
Mato Grosso do Sul,2000,15-19 anos,10794,40490
Mato Grosso do Sul,2000,20-24 anos,13167,40490
Mato Grosso do Sul,2000,25-29 anos,8709,40490
Mato Grosso do Sul,2000,30-34 anos,4600,40490
Mato Grosso do Sul,2000,35-39 anos,1968,40490
Mato Grosso do Sul,2000,40-44 anos,442,40490
Mato Grosso do Sul,2000,Idade ignorada,186,40490
Mato Grosso do Sul,2000,Outras idades,34,40490
Mato Grosso do Sul,2010,10-14 anos,524,40132
Mato Grosso do Sul,2010,15-19 anos,8465,40132
Mato Grosso do Sul,2010,20-24 anos,11471,40132
Mato Grosso do Sul,2010,25-29 anos,10050,40132
Mato Grosso do Sul,2010,30-34 anos,6265,40132
Mato Grosso do Sul,2010,35-39 anos,2670,40132
Mato Grosso do Sul,2010,40-44 anos,626,40132
Mato Grosso do Sul,2010,Outras idades,61,40132
Mato Grosso do Sul,2016,10-14 anos,463,42432
Mato Grosso do Sul,2016,15-19 anos,7613,42432
Mato Grosso do Sul,2016,20-24 anos,11574,42432
Mato Grosso do Sul,2016,25-29 anos,10117,42432
Mato Grosso do Sul,2016,30-34 anos,7891,42432
Mato Grosso do Sul,2016,35-39 anos,3857,42432
Mato Grosso do Sul,2016,40-44 anos,853,42432
Mato Grosso do Sul,2016,Outras idades,64,42432
Mato Grosso do Sul,2017,10-14 anos,475,44747
Mato Grosso do Sul,2017,15-19 anos,7422,44747
Mato Grosso do Sul,2017,20-24 anos,11962,44747
Mato Grosso do Sul,2017,25-29 anos,10949,44747
Mato Grosso do Sul,2017,30-34 anos,8513,44747
Mato Grosso do Sul,2017,35-39 anos,4460,44747
Mato Grosso do Sul,2017,40-44 anos,908,44747
Mato Grosso do Sul,2017,Outras idades,58,44747
Mato Grosso do Sul,2018,10-14 anos,391,44275
Mato Grosso do Sul,2018,15-19 anos,7056,44275
Mato Grosso do Sul,2018,20-24 anos,11494,44275
Mato Grosso do Sul,2018,25-29 anos,10653,44275
Mato Grosso do Sul,2018,30-34 anos,8699,44275
Mato Grosso do Sul,2018,35-39 anos,4914,44275
Mato Grosso do Sul,2018,40-44 anos,1019,44275
Mato Grosso do Sul,2018,Outras idades,49,44275
Mato Grosso do Sul,2019,10-14 anos,372,43695
Mato Grosso do Sul,2019,15-19 anos,6696,43695
Mato Grosso do Sul,2019,20-24 anos,11183,43695
Mato Grosso do Sul,2019,25-29 anos,10695,43695
Mato Grosso do Sul,2019,30-34 anos,8569,43695
Mato Grosso do Sul,2019,35-39 anos,4949,43695
Mato Grosso do Sul,2019,40-44 anos,1162,43695
Mato Grosso do Sul,2019,Outras idades,69,43695
Mato Grosso do Sul,2020,10-14 anos,355,41308
Mato Grosso do Sul,2020,15-19 anos,5947,41308
Mato Grosso do Sul,2020,20-24 anos,10618,41308
Mato Grosso do Sul,2020,25-29 anos,10250,41308
Mato Grosso do Sul,2020,30-34 anos,8187,41308
Mato Grosso do Sul,2020,35-39 anos,4707,41308
Mato Grosso do Sul,2020,40-44 anos,1177,41308
Mato Grosso do Sul,2020,Outras idades,67,41308
Mato Grosso do Sul,2021,10-14 anos,327,42173
Mato Grosso do Sul,2021,15-19 anos,5978,42173
Mato Grosso do Sul,2021,20-24 anos,10795,42173
Mato Grosso do Sul,2021,25-29 anos,10752,42173
Mato Grosso do Sul,2021,30-34 anos,8187,42173
Mato Grosso do Sul,2021,35-39 anos,4869,42173
Mato Grosso do Sul,2021,40-44 anos,1212,42173
Mato Grosso do Sul,2021,Outras idades,53,42173
Minas Gerais,2000,10-14 anos,1745,300958
Minas Gerais,2000,15-19 anos,59934,300958
Minas Gerais,2000,20-24 anos,93206,300958
Minas Gerais,2000,25-29 anos,70607,300958
Minas Gerais,2000,30-34 anos,45270,300958
Minas Gerais,2000,35-39 anos,22090,300958
Minas Gerais,2000,40-44 anos,5758,300958
Minas Gerais,2000,Idade ignorada,1878,300958
Minas Gerais,2000,Outras idades,470,300958
Minas Gerais,2010,10-14 anos,1599,255126
Minas Gerais,2010,15-19 anos,41304,255126
Minas Gerais,2010,20-24 anos,67305,255126
Minas Gerais,2010,25-29 anos,65701,255126
Minas Gerais,2010,30-34 anos,49100,255126
Minas Gerais,2010,35-39 anos,23600,255126
Minas Gerais,2010,40-44 anos,6102,255126
Minas Gerais,2010,Idade ignorada,8,255126
Minas Gerais,2010,Outras idades,407,255126
Minas Gerais,2016,10-14 anos,1401,253520
Minas Gerais,2016,15-19 anos,35660,253520
Minas Gerais,2016,20-24 anos,60175,253520
Minas Gerais,2016,25-29 anos,62435,253520
Minas Gerais,2016,30-34 anos,55115,253520
Minas Gerais,2016,35-39 anos,31183,253520
Minas Gerais,2016,40-44 anos,7119,253520
Minas Gerais,2016,Outras idades,432,253520
Minas Gerais,2017,10-14 anos,1309,260959
Minas Gerais,2017,15-19 anos,34737,260959
Minas Gerais,2017,20-24 anos,61153,260959
Minas Gerais,2017,25-29 anos,63971,260959
Minas Gerais,2017,30-34 anos,56968,260959
Minas Gerais,2017,35-39 anos,34526,260959
Minas Gerais,2017,40-44 anos,7811,260959
Minas Gerais,2017,Idade ignorada,2,260959
Minas Gerais,2017,Outras idades,482,260959
Minas Gerais,2018,10-14 anos,1202,263640
Minas Gerais,2018,15-19 anos,32707,263640
Minas Gerais,2018,20-24 anos,59454,263640
Minas Gerais,2018,25-29 anos,63620,263640
Minas Gerais,2018,30-34 anos,59809,263640
Minas Gerais,2018,35-39 anos,37640,263640
Minas Gerais,2018,40-44 anos,8735,263640
Minas Gerais,2018,Outras idades,473,263640
Minas Gerais,2019,10-14 anos,1149,256892
Minas Gerais,2019,15-19 anos,30123,256892
Minas Gerais,2019,20-24 anos,57913,256892
Minas Gerais,2019,25-29 anos,61741,256892
Minas Gerais,2019,30-34 anos,58833,256892
Minas Gerais,2019,35-39 anos,37333,256892
Minas Gerais,2019,40-44 anos,9248,256892
Minas Gerais,2019,Outras idades,552,256892
Minas Gerais,2020,10-14 anos,1002,247198
Minas Gerais,2020,15-19 anos,27298,247198
Minas Gerais,2020,20-24 anos,55918,247198
Minas Gerais,2020,25-29 anos,60250,247198
Minas Gerais,2020,30-34 anos,56853,247198
Minas Gerais,2020,35-39 anos,35816,247198
Minas Gerais,2020,40-44 anos,9516,247198
Minas Gerais,2020,Idade ignorada,1,247198
Minas Gerais,2020,Outras idades,544,247198
Minas Gerais,2021,10-14 anos,908,242136
Minas Gerais,2021,15-19 anos,25653,242136
Minas Gerais,2021,20-24 anos,55305,242136
Minas Gerais,2021,25-29 anos,60032,242136
Minas Gerais,2021,30-34 anos,54220,242136
Minas Gerais,2021,35-39 anos,35666,242136
Minas Gerais,2021,40-44 anos,9788,242136
Minas Gerais,2021,Outras idades,564,242136
Paraná,2000,10-14 anos,1529,179462
Paraná,2000,15-19 anos,38645,179462
Paraná,2000,20-24 anos,52404,179462
Paraná,2000,25-29 anos,42455,179462
Paraná,2000,30-34 anos,28062,179462
Paraná,2000,35-39 anos,12721,179462
Paraná,2000,40-44 anos,3126,179462
Paraná,2000,Idade ignorada,275,179462
Paraná,2000,Outras idades,245,179462
Paraná,2010,10-14 anos,1284,152051
Paraná,2010,15-19 anos,27761,152051
Paraná,2010,20-24 anos,39397,152051
Paraná,2010,25-29 anos,38094,152051
Paraná,2010,30-34 anos,28353,152051
Paraná,2010,35-39 anos,13651,152051
Paraná,2010,40-44 anos,3293,152051
Paraná,2010,Idade ignorada,4,152051
Paraná,2010,Outras idades,214,152051
Paraná,2016,10-14 anos,943,155066
Paraná,2016,15-19 anos,23063,155066
Paraná,2016,20-24 anos,38001,155066
Paraná,2016,25-29 anos,38693,155066
Paraná,2016,30-34 anos,32717,155066
Paraná,2016,35-39 anos,17401,155066
Paraná,2016,40-44 anos,4025,155066
Paraná,2016,Idade ignorada,2,155066
Paraná,2016,Outras idades,221,155066
Paraná,2017,10-14 anos,877,157701
Paraná,2017,15-19 anos,21444,157701
Paraná,2017,20-24 anos,38525,157701
Paraná,2017,25-29 anos,39654,157701
Paraná,2017,30-34 anos,33710,157701
Paraná,2017,35-39 anos,18968,157701
Paraná,2017,40-44 anos,4253,157701
Paraná,2017,Idade ignorada,6,157701
Paraná,2017,Outras idades,264,157701
Paraná,2018,10-14 anos,751,156201
Paraná,2018,15-19 anos,19869,156201
Paraná,2018,20-24 anos,37302,156201
Paraná,2018,25-29 anos,39321,156201
Paraná,2018,30-34 anos,34089,156201
Paraná,2018,35-39 anos,20054,156201
Paraná,2018,40-44 anos,4547,156201
Paraná,2018,Outras idades,268,156201
Paraná,2019,10-14 anos,714,153469
Paraná,2019,15-19 anos,18167,153469
Paraná,2019,20-24 anos,36338,153469
Paraná,2019,25-29 anos,38848,153469
Paraná,2019,30-34 anos,34126,153469
Paraná,2019,35-39 anos,20207,153469
Paraná,2019,40-44 anos,4801,153469
Paraná,2019,Idade ignorada,2,153469
Paraná,2019,Outras idades,266,153469
Paraná,2020,10-14 anos,629,146291
Paraná,2020,15-19 anos,15958,146291
Paraná,2020,20-24 anos,34901,146291
Paraná,2020,25-29 anos,37516,146291
Paraná,2020,30-34 anos,32590,146291
Paraná,2020,35-39 anos,19549,146291
Paraná,2020,40-44 anos,4865,146291
Paraná,2020,Idade ignorada,2,146291
Paraná,2020,Outras idades,281,146291
Paraná,2021,10-14 anos,604,141976
Paraná,2021,15-19 anos,15186,141976
Paraná,2021,20-24 anos,33923,141976
Paraná,2021,25-29 anos,36665,141976
Paraná,2021,30-34 anos,31578,141976
Paraná,2021,35-39 anos,18811,141976
Paraná,2021,40-44 anos,4943,141976
Paraná,2021,Outras idades,266,141976
Paraíba,2000,10-14 anos,622,57427
Paraíba,2000,15-19 anos,13882,57427
Paraíba,2000,20-24 anos,18681,57427
Paraíba,2000,25-29 anos,12092,57427
Paraíba,2000,30-34 anos,6679,57427
Paraíba,2000,35-39 anos,3340,57427
Paraíba,2000,40-44 anos,1006,57427
Paraíba,2000,Idade ignorada,1018,57427
Paraíba,2000,Outras idades,107,57427
Paraíba,2010,10-14 anos,605,58699
Paraíba,2010,15-19 anos,11116,58699
Paraíba,2010,20-24 anos,17285,58699
Paraíba,2010,25-29 anos,14627,58699
Paraíba,2010,30-34 anos,9538,58699
Paraíba,2010,35-39 anos,4289,58699
Paraíba,2010,40-44 anos,1160,58699
Paraíba,2010,Outras idades,79,58699
Paraíba,2016,10-14 anos,581,56083
Paraíba,2016,15-19 anos,10098,56083
Paraíba,2016,20-24 anos,14647,56083
Paraíba,2016,25-29 anos,13436,56083
Paraíba,2016,30-34 anos,10625,56083
Paraíba,2016,35-39 anos,5277,56083
Paraíba,2016,40-44 anos,1331,56083
Paraíba,2016,Outras idades,88,56083
Paraíba,2017,10-14 anos,550,57493
Paraíba,2017,15-19 anos,9854,57493
Paraíba,2017,20-24 anos,14792,57493
Paraíba,2017,25-29 anos,13872,57493
Paraíba,2017,30-34 anos,11078,57493
Paraíba,2017,35-39 anos,5855,57493
Paraíba,2017,40-44 anos,1414,57493
Paraíba,2017,Outras idades,78,57493
Paraíba,2018,10-14 anos,468,60205
Paraíba,2018,15-19 anos,9729,60205
Paraíba,2018,20-24 anos,14924,60205
Paraíba,2018,25-29 anos,14258,60205
Paraíba,2018,30-34 anos,12382,60205
Paraíba,2018,35-39 anos,6777,60205
Paraíba,2018,40-44 anos,1587,60205
Paraíba,2018,Outras idades,80,60205
Paraíba,2019,10-14 anos,473,57701
Paraíba,2019,15-19 anos,8978,57701
Paraíba,2019,20-24 anos,14062,57701
Paraíba,2019,25-29 anos,13671,57701
Paraíba,2019,30-34 anos,12072,57701
Paraíba,2019,35-39 anos,6718,57701
Paraíba,2019,40-44 anos,1625,57701
Paraíba,2019,Outras idades,102,57701
Paraíba,2020,10-14 anos,436,56379
Paraíba,2020,15-19 anos,8419,56379
Paraíba,2020,20-24 anos,13795,56379
Paraíba,2020,25-29 anos,13579,56379
Paraíba,2020,30-34 anos,11581,56379
Paraíba,2020,35-39 anos,6678,56379
Paraíba,2020,40-44 anos,1791,56379
Paraíba,2020,Outras idades,100,56379
Paraíba,2021,10-14 anos,385,56049
Paraíba,2021,15-19 anos,8456,56049
Paraíba,2021,20-24 anos,13623,56049
Paraíba,2021,25-29 anos,13643,56049
Paraíba,2021,30-34 anos,11119,56049
Paraíba,2021,35-39 anos,6781,56049
Paraíba,2021,40-44 anos,1906,56049
Paraíba,2021,Outras idades,136,56049
Pará,2000,10-14 anos,1822,126340
Pará,2000,15-19 anos,37730,126340
Pará,2000,20-24 anos,44579,126340
Pará,2000,25-29 anos,23950,126340
Pará,2000,30-34 anos,11120,126340
Pará,2000,35-39 anos,5093,126340
Pará,2000,40-44 anos,1640,126340
Pará,2000,Idade ignorada,242,126340
Pará,2000,Outras idades,164,126340
Pará,2010,10-14 anos,2289,140687
Pará,2010,15-19 anos,36292,140687
Pará,2010,20-24 anos,46398,140687
Pará,2010,25-29 anos,31299,140687
Pará,2010,30-34 anos,16037,140687
Pará,2010,35-39 anos,6414,140687
Pará,2010,40-44 anos,1789,140687
Pará,2010,Outras idades,169,140687
Pará,2016,10-14 anos,2178,137681
Pará,2016,15-19 anos,33254,137681
Pará,2016,20-24 anos,42122,137681
Pará,2016,25-29 anos,30220,137681
Pará,2016,30-34 anos,19176,137681
Pará,2016,35-39 anos,8501,137681
Pará,2016,40-44 anos,2051,137681
Pará,2016,Idade ignorada,4,137681
Pará,2016,Outras idades,175,137681
Pará,2017,10-14 anos,1867,138684
Pará,2017,15-19 anos,31949,138684
Pará,2017,20-24 anos,42050,138684
Pará,2017,25-29 anos,30841,138684
Pará,2017,30-34 anos,20158,138684
Pará,2017,35-39 anos,9367,138684
Pará,2017,40-44 anos,2268,138684
Pará,2017,Idade ignorada,2,138684
Pará,2017,Outras idades,182,138684
Pará,2018,10-14 anos,1887,141819
Pará,2018,15-19 anos,31438,141819
Pará,2018,20-24 anos,42735,141819
Pará,2018,25-29 anos,32025,141819
Pará,2018,30-34 anos,21050,141819
Pará,2018,35-39 anos,10106,141819
Pará,2018,40-44 anos,2391,141819
Pará,2018,Idade ignorada,1,141819
Pará,2018,Outras idades,186,141819
Pará,2019,10-14 anos,1816,138341
Pará,2019,15-19 anos,29504,138341
Pará,2019,20-24 anos,41002,138341
Pará,2019,25-29 anos,31797,138341
Pará,2019,30-34 anos,20956,138341
Pará,2019,35-39 anos,10575,138341
Pará,2019,40-44 anos,2486,138341
Pará,2019,Idade ignorada,4,138341
Pará,2019,Menor de 10 anos,2,138341
Pará,2019,Outras idades,199,138341
Pará,2020,10-14 anos,1670,132938
Pará,2020,15-19 anos,27588,132938
Pará,2020,20-24 anos,39333,132938
Pará,2020,25-29 anos,30836,132938
Pará,2020,30-34 anos,20226,132938
Pará,2020,35-39 anos,10387,132938
Pará,2020,40-44 anos,2692,132938
Pará,2020,Idade ignorada,6,132938
Pará,2020,Outras idades,200,132938
Pará,2021,10-14 anos,1783,137129
Pará,2021,15-19 anos,28177,137129
Pará,2021,20-24 anos,40141,137129
Pará,2021,25-29 anos,32174,137129
Pará,2021,30-34 anos,20801,137129
Pará,2021,35-39 anos,10921,137129
Pará,2021,40-44 anos,2927,137129
Pará,2021,Idade ignorada,3,137129
Pará,2021,Menor de 10 anos,1,137129
Pará,2021,Outras idades,201,137129
Pernambuco,2000,10-14 anos,1643,163405
Pernambuco,2000,15-19 anos,39507,163405
Pernambuco,2000,20-24 anos,53706,163405
Pernambuco,2000,25-29 anos,36136,163405
Pernambuco,2000,30-34 anos,19361,163405
Pernambuco,2000,35-39 anos,9597,163405
Pernambuco,2000,40-44 anos,2743,163405
Pernambuco,2000,Idade ignorada,386,163405
Pernambuco,2000,Outras idades,326,163405
Pernambuco,2010,10-14 anos,1487,136591
Pernambuco,2010,15-19 anos,27649,136591
Pernambuco,2010,20-24 anos,40512,136591
Pernambuco,2010,25-29 anos,33506,136591
Pernambuco,2010,30-34 anos,21124,136591
Pernambuco,2010,35-39 anos,9646,136591
Pernambuco,2010,40-44 anos,2462,136591
Pernambuco,2010,Idade ignorada,5,136591
Pernambuco,2010,Outras idades,200,136591
Pernambuco,2016,10-14 anos,1298,130733
Pernambuco,2016,15-19 anos,25751,130733
Pernambuco,2016,20-24 anos,35486,130733
Pernambuco,2016,25-29 anos,30788,130733
Pernambuco,2016,30-34 anos,22944,130733
Pernambuco,2016,35-39 anos,11370,130733
Pernambuco,2016,40-44 anos,2924,130733
Pernambuco,2016,Outras idades,172,130733
Pernambuco,2017,10-14 anos,1233,135932
Pernambuco,2017,15-19 anos,25210,135932
Pernambuco,2017,20-24 anos,36279,135932
Pernambuco,2017,25-29 anos,32466,135932
Pernambuco,2017,30-34 anos,24569,135932
Pernambuco,2017,35-39 anos,12936,135932
Pernambuco,2017,40-44 anos,3047,135932
Pernambuco,2017,Outras idades,192,135932
Pernambuco,2018,10-14 anos,1222,138317
Pernambuco,2018,15-19 anos,23727,138317
Pernambuco,2018,20-24 anos,36309,138317
Pernambuco,2018,25-29 anos,32703,138317
Pernambuco,2018,30-34 anos,26340,138317
Pernambuco,2018,35-39 anos,14533,138317
Pernambuco,2018,40-44 anos,3287,138317
Pernambuco,2018,Idade ignorada,1,138317
Pernambuco,2018,Outras idades,195,138317
Pernambuco,2019,10-14 anos,1091,133359
Pernambuco,2019,15-19 anos,21886,133359
Pernambuco,2019,20-24 anos,34584,133359
Pernambuco,2019,25-29 anos,31399,133359
Pernambuco,2019,30-34 anos,26010,133359
Pernambuco,2019,35-39 anos,14462,133359
Pernambuco,2019,40-44 anos,3678,133359
Pernambuco,2019,Outras idades,249,133359
Pernambuco,2020,10-14 anos,960,128481
Pernambuco,2020,15-19 anos,20425,128481
Pernambuco,2020,20-24 anos,33715,128481
Pernambuco,2020,25-29 anos,30648,128481
Pernambuco,2020,30-34 anos,24764,128481
Pernambuco,2020,35-39 anos,14098,128481
Pernambuco,2020,40-44 anos,3640,128481
Pernambuco,2020,Idade ignorada,1,128481
Pernambuco,2020,Outras idades,230,128481
Pernambuco,2021,10-14 anos,1000,126211
Pernambuco,2021,15-19 anos,19436,126211
Pernambuco,2021,20-24 anos,32910,126211
Pernambuco,2021,25-29 anos,30474,126211
Pernambuco,2021,30-34 anos,24161,126211
Pernambuco,2021,35-39 anos,14108,126211
Pernambuco,2021,40-44 anos,3875,126211
Pernambuco,2021,Outras idades,247,126211
Piauí,2000,10-14 anos,665,58615
Piauí,2000,15-19 anos,15897,58615
Piauí,2000,20-24 anos,20673,58615
Piauí,2000,25-29 anos,11227,58615
Piauí,2000,30-34 anos,5742,58615
Piauí,2000,35-39 anos,2804,58615
Piauí,2000,40-44 anos,912,58615
Piauí,2000,Idade ignorada,593,58615
Piauí,2000,Outras idades,102,58615
Piauí,2010,10-14 anos,579,49424
Piauí,2010,15-19 anos,10529,49424
Piauí,2010,20-24 anos,15932,49424
Piauí,2010,25-29 anos,12034,49424
Piauí,2010,30-34 anos,6835,49424
Piauí,2010,35-39 anos,2762,49424
Piauí,2010,40-44 anos,687,49424
Piauí,2010,Idade ignorada,1,49424
Piauí,2010,Outras idades,65,49424
Piauí,2016,10-14 anos,576,46986
Piauí,2016,15-19 anos,9554,46986
Piauí,2016,20-24 anos,12432,46986
Piauí,2016,25-29 anos,11319,46986
Piauí,2016,30-34 anos,8316,46986
Piauí,2016,35-39 anos,3858,46986
Piauí,2016,40-44 anos,874,46986
Piauí,2016,Outras idades,57,46986
Piauí,2017,10-14 anos,538,48551
Piauí,2017,15-19 anos,9359,48551
Piauí,2017,20-24 anos,12686,48551
Piauí,2017,25-29 anos,11733,48551
Piauí,2017,30-34 anos,9124,48551
Piauí,2017,35-39 anos,4145,48551
Piauí,2017,40-44 anos,914,48551
Piauí,2017,Outras idades,52,48551
Piauí,2018,10-14 anos,469,49490
Piauí,2018,15-19 anos,9069,49490
Piauí,2018,20-24 anos,12938,49490
Piauí,2018,25-29 anos,11569,49490
Piauí,2018,30-34 anos,9562,49490
Piauí,2018,35-39 anos,4768,49490
Piauí,2018,40-44 anos,1058,49490
Piauí,2018,Idade ignorada,1,49490
Piauí,2018,Outras idades,56,49490
Piauí,2019,10-14 anos,417,47933
Piauí,2019,15-19 anos,8384,47933
Piauí,2019,20-24 anos,12481,47933
Piauí,2019,25-29 anos,11069,47933
Piauí,2019,30-34 anos,9545,47933
Piauí,2019,35-39 anos,4829,47933
Piauí,2019,40-44 anos,1127,47933
Piauí,2019,Outras idades,81,47933
Piauí,2020,10-14 anos,416,45229
Piauí,2020,15-19 anos,7499,45229
Piauí,2020,20-24 anos,11758,45229
Piauí,2020,25-29 anos,10475,45229
Piauí,2020,30-34 anos,8977,45229
Piauí,2020,35-39 anos,4865,45229
Piauí,2020,40-44 anos,1160,45229
Piauí,2020,Outras idades,79,45229
Piauí,2021,10-14 anos,400,45978
Piauí,2021,15-19 anos,7509,45978
Piauí,2021,20-24 anos,12043,45978
Piauí,2021,25-29 anos,10790,45978
Piauí,2021,30-34 anos,8823,45978
Piauí,2021,35-39 anos,5068,45978
Piauí,2021,40-44 anos,1279,45978
Piauí,2021,Outras idades,66,45978
Rio Grande do Norte,2000,10-14 anos,668,56444
Rio Grande do Norte,2000,15-19 anos,13642,56444
Rio Grande do Norte,2000,20-24 anos,17421,56444
Rio Grande do Norte,2000,25-29 anos,12232,56444
Rio Grande do Norte,2000,30-34 anos,7553,56444
Rio Grande do Norte,2000,35-39 anos,3637,56444
Rio Grande do Norte,2000,40-44 anos,921,56444
Rio Grande do Norte,2000,Idade ignorada,281,56444
Rio Grande do Norte,2000,Outras idades,89,56444
Rio Grande do Norte,2010,10-14 anos,562,47668
Rio Grande do Norte,2010,15-19 anos,9223,47668
Rio Grande do Norte,2010,20-24 anos,13877,47668
Rio Grande do Norte,2010,25-29 anos,11736,47668
Rio Grande do Norte,2010,30-34 anos,7708,47668
Rio Grande do Norte,2010,35-39 anos,3554,47668
Rio Grande do Norte,2010,40-44 anos,923,47668
Rio Grande do Norte,2010,Outras idades,85,47668
Rio Grande do Norte,2016,10-14 anos,478,45366
Rio Grande do Norte,2016,15-19 anos,8258,45366
Rio Grande do Norte,2016,20-24 anos,11646,45366
Rio Grande do Norte,2016,25-29 anos,10792,45366
Rio Grande do Norte,2016,30-34 anos,8641,45366
Rio Grande do Norte,2016,35-39 anos,4424,45366
Rio Grande do Norte,2016,40-44 anos,1058,45366
Rio Grande do Norte,2016,Outras idades,69,45366
Rio Grande do Norte,2017,10-14 anos,407,46222
Rio Grande do Norte,2017,15-19 anos,7828,46222
Rio Grande do Norte,2017,20-24 anos,11794,46222
Rio Grande do Norte,2017,25-29 anos,10875,46222
Rio Grande do Norte,2017,30-34 anos,9184,46222
Rio Grande do Norte,2017,35-39 anos,4892,46222
Rio Grande do Norte,2017,40-44 anos,1174,46222
Rio Grande do Norte,2017,Outras idades,68,46222
Rio Grande do Norte,2018,10-14 anos,428,48107
Rio Grande do Norte,2018,15-19 anos,7353,48107
Rio Grande do Norte,2018,20-24 anos,11647,48107
Rio Grande do Norte,2018,25-29 anos,11342,48107
Rio Grande do Norte,2018,30-34 anos,10275,48107
Rio Grande do Norte,2018,35-39 anos,5697,48107
Rio Grande do Norte,2018,40-44 anos,1286,48107
Rio Grande do Norte,2018,Idade ignorada,1,48107
Rio Grande do Norte,2018,Outras idades,78,48107
Rio Grande do Norte,2019,10-14 anos,376,44031
Rio Grande do Norte,2019,15-19 anos,6522,44031
Rio Grande do Norte,2019,20-24 anos,10658,44031
Rio Grande do Norte,2019,25-29 anos,10256,44031
Rio Grande do Norte,2019,30-34 anos,9412,44031
Rio Grande do Norte,2019,35-39 anos,5427,44031
Rio Grande do Norte,2019,40-44 anos,1301,44031
Rio Grande do Norte,2019,Outras idades,79,44031
Rio Grande do Norte,2020,10-14 anos,322,43531
Rio Grande do Norte,2020,15-19 anos,5891,43531
Rio Grande do Norte,2020,20-24 anos,10445,43531
Rio Grande do Norte,2020,25-29 anos,10342,43531
Rio Grande do Norte,2020,30-34 anos,9375,43531
Rio Grande do Norte,2020,35-39 anos,5662,43531
Rio Grande do Norte,2020,40-44 anos,1401,43531
Rio Grande do Norte,2020,Outras idades,93,43531
Rio Grande do Norte,2021,10-14 anos,316,43430
Rio Grande do Norte,2021,15-19 anos,5707,43430
Rio Grande do Norte,2021,20-24 anos,10441,43430
Rio Grande do Norte,2021,25-29 anos,10869,43430
Rio Grande do Norte,2021,30-34 anos,9055,43430
Rio Grande do Norte,2021,35-39 anos,5475,43430
Rio Grande do Norte,2021,40-44 anos,1488,43430
Rio Grande do Norte,2021,Outras idades,79,43430
Rio Grande do Sul,2000,10-14 anos,1520,176719
Rio Grande do Sul,2000,15-19 anos,34320,176719
Rio Grande do Sul,2000,20-24 anos,45430,176719
Rio Grande do Sul,2000,25-29 anos,39927,176719
Rio Grande do Sul,2000,30-34 anos,31311,176719
Rio Grande do Sul,2000,35-39 anos,18549,176719
Rio Grande do Sul,2000,40-44 anos,4909,176719
Rio Grande do Sul,2000,Idade ignorada,448,176719
Rio Grande do Sul,2000,Outras idades,305,176719
Rio Grande do Sul,2010,10-14 anos,937,133243
Rio Grande do Sul,2010,15-19 anos,20904,133243
Rio Grande do Sul,2010,20-24 anos,32049,133243
Rio Grande do Sul,2010,25-29 anos,33631,133243
Rio Grande do Sul,2010,30-34 anos,26913,133243
Rio Grande do Sul,2010,35-39 anos,14564,133243
Rio Grande do Sul,2010,40-44 anos,3962,133243
Rio Grande do Sul,2010,Idade ignorada,17,133243
Rio Grande do Sul,2010,Outras idades,266,133243
Rio Grande do Sul,2016,10-14 anos,765,141411
Rio Grande do Sul,2016,15-19 anos,18968,141411
Rio Grande do Sul,2016,20-24 anos,32101,141411
Rio Grande do Sul,2016,25-29 anos,33428,141411
Rio Grande do Sul,2016,30-34 anos,32187,141411
Rio Grande do Sul,2016,35-39 anos,19125,141411
Rio Grande do Sul,2016,40-44 anos,4550,141411
Rio Grande do Sul,2016,Idade ignorada,1,141411
Rio Grande do Sul,2016,Outras idades,286,141411
Rio Grande do Sul,2017,10-14 anos,589,141568
Rio Grande do Sul,2017,15-19 anos,17574,141568
Rio Grande do Sul,2017,20-24 anos,31897,141568
Rio Grande do Sul,2017,25-29 anos,33692,141568
Rio Grande do Sul,2017,30-34 anos,32124,141568
Rio Grande do Sul,2017,35-39 anos,20575,141568
Rio Grande do Sul,2017,40-44 anos,4835,141568
Rio Grande do Sul,2017,Idade ignorada,2,141568
Rio Grande do Sul,2017,Outras idades,280,141568
Rio Grande do Sul,2018,10-14 anos,574,140047
Rio Grande do Sul,2018,15-19 anos,16158,140047
Rio Grande do Sul,2018,20-24 anos,30988,140047
Rio Grande do Sul,2018,25-29 anos,33121,140047
Rio Grande do Sul,2018,30-34 anos,31937,140047
Rio Grande do Sul,2018,35-39 anos,21770,140047
Rio Grande do Sul,2018,40-44 anos,5174,140047
Rio Grande do Sul,2018,Idade ignorada,2,140047
Rio Grande do Sul,2018,Outras idades,323,140047
Rio Grande do Sul,2019,10-14 anos,503,134596
Rio Grande do Sul,2019,15-19 anos,14428,134596
Rio Grande do Sul,2019,20-24 anos,29949,134596
Rio Grande do Sul,2019,25-29 anos,31866,134596
Rio Grande do Sul,2019,30-34 anos,30922,134596
Rio Grande do Sul,2019,35-39 anos,21259,134596
Rio Grande do Sul,2019,40-44 anos,5317,134596
Rio Grande do Sul,2019,Idade ignorada,2,134596
Rio Grande do Sul,2019,Outras idades,350,134596
Rio Grande do Sul,2020,10-14 anos,476,130742
Rio Grande do Sul,2020,15-19 anos,13108,130742
Rio Grande do Sul,2020,20-24 anos,29268,130742
Rio Grande do Sul,2020,25-29 anos,31584,130742
Rio Grande do Sul,2020,30-34 anos,29974,130742
Rio Grande do Sul,2020,35-39 anos,20689,130742
Rio Grande do Sul,2020,40-44 anos,5342,130742
Rio Grande do Sul,2020,Outras idades,301,130742
Rio Grande do Sul,2021,10-14 anos,427,124446
Rio Grande do Sul,2021,15-19 anos,11516,124446
Rio Grande do Sul,2021,20-24 anos,28051,124446
Rio Grande do Sul,2021,25-29 anos,30549,124446
Rio Grande do Sul,2021,30-34 anos,28177,124446
Rio Grande do Sul,2021,35-39 anos,19920,124446
Rio Grande do Sul,2021,40-44 anos,5514,124446
Rio Grande do Sul,2021,Idade ignorada,3,124446
Rio Grande do Sul,2021,Outras idades,289,124446
Rio de Janeiro,2000,10-14 anos,2138,259118
Rio de Janeiro,2000,15-19 anos,52578,259118
Rio de Janeiro,2000,20-24 anos,76174,259118
Rio de Janeiro,2000,25-29 anos,61260,259118
Rio de Janeiro,2000,30-34 anos,40514,259118
Rio de Janeiro,2000,35-39 anos,20676,259118
Rio de Janeiro,2000,40-44 anos,4908,259118
Rio de Janeiro,2000,Idade ignorada,569,259118
Rio de Janeiro,2000,Outras idades,301,259118
Rio de Janeiro,2010,10-14 anos,1678,215262
Rio de Janeiro,2010,15-19 anos,36586,215262
Rio de Janeiro,2010,20-24 anos,55418,215262
Rio de Janeiro,2010,25-29 anos,54607,215262
Rio de Janeiro,2010,30-34 anos,41087,215262
Rio de Janeiro,2010,35-39 anos,20447,215262
Rio de Janeiro,2010,40-44 anos,5100,215262
Rio de Janeiro,2010,Idade ignorada,6,215262
Rio de Janeiro,2010,Outras idades,333,215262
Rio de Janeiro,2016,10-14 anos,1558,219129
Rio de Janeiro,2016,15-19 anos,34813,219129
Rio de Janeiro,2016,20-24 anos,55201,219129
Rio de Janeiro,2016,25-29 anos,50355,219129
Rio de Janeiro,2016,30-34 anos,44417,219129
Rio de Janeiro,2016,35-39 anos,26161,219129
Rio de Janeiro,2016,40-44 anos,6216,219129
Rio de Janeiro,2016,Idade ignorada,4,219129
Rio de Janeiro,2016,Outras idades,404,219129
Rio de Janeiro,2017,10-14 anos,1479,223224
Rio de Janeiro,2017,15-19 anos,33757,223224
Rio de Janeiro,2017,20-24 anos,55938,223224
Rio de Janeiro,2017,25-29 anos,51765,223224
Rio de Janeiro,2017,30-34 anos,45015,223224
Rio de Janeiro,2017,35-39 anos,27985,223224
Rio de Janeiro,2017,40-44 anos,6846,223224
Rio de Janeiro,2017,Idade ignorada,3,223224
Rio de Janeiro,2017,Outras idades,436,223224
Rio de Janeiro,2018,10-14 anos,1393,220499
Rio de Janeiro,2018,15-19 anos,30887,220499
Rio de Janeiro,2018,20-24 anos,54243,220499
Rio de Janeiro,2018,25-29 anos,51376,220499
Rio de Janeiro,2018,30-34 anos,44928,220499
Rio de Janeiro,2018,35-39 anos,29907,220499
Rio de Janeiro,2018,40-44 anos,7308,220499
Rio de Janeiro,2018,Idade ignorada,5,220499
Rio de Janeiro,2018,Outras idades,452,220499
Rio de Janeiro,2019,10-14 anos,1245,207989
Rio de Janeiro,2019,15-19 anos,27571,207989
Rio de Janeiro,2019,20-24 anos,51354,207989
Rio de Janeiro,2019,25-29 anos,48878,207989
Rio de Janeiro,2019,30-34 anos,42673,207989
Rio de Janeiro,2019,35-39 anos,28160,207989
Rio de Janeiro,2019,40-44 anos,7625,207989
Rio de Janeiro,2019,Idade ignorada,15,207989
Rio de Janeiro,2019,Outras idades,468,207989
Rio de Janeiro,2020,10-14 anos,1128,199124
Rio de Janeiro,2020,15-19 anos,25421,199124
Rio de Janeiro,2020,20-24 anos,49432,199124
Rio de Janeiro,2020,25-29 anos,48076,199124
Rio de Janeiro,2020,30-34 anos,40084,199124
Rio de Janeiro,2020,35-39 anos,27087,199124
Rio de Janeiro,2020,40-44 anos,7434,199124
Rio de Janeiro,2020,Idade ignorada,6,199124
Rio de Janeiro,2020,Outras idades,456,199124
Rio de Janeiro,2021,10-14 anos,982,189866
Rio de Janeiro,2021,15-19 anos,22411,189866
Rio de Janeiro,2021,20-24 anos,47405,189866
Rio de Janeiro,2021,25-29 anos,46737,189866
Rio de Janeiro,2021,30-34 anos,38553,189866
Rio de Janeiro,2021,35-39 anos,25596,189866
Rio de Janeiro,2021,40-44 anos,7697,189866
Rio de Janeiro,2021,Idade ignorada,5,189866
Rio de Janeiro,2021,Outras idades,480,189866
Rondônia,2000,10-14 anos,374,31307
Rondônia,2000,15-19 anos,9177,31307
Rondônia,2000,20-24 anos,11324,31307
Rondônia,2000,25-29 anos,6261,31307
Rondônia,2000,30-34 anos,2693,31307
Rondônia,2000,35-39 anos,1018,31307
Rondônia,2000,40-44 anos,269,31307
Rondônia,2000,Idade ignorada,168,31307
Rondônia,2000,Outras idades,23,31307
Rondônia,2010,10-14 anos,266,25835
Rondônia,2010,15-19 anos,5727,25835
Rondônia,2010,20-24 anos,8204,25835
Rondônia,2010,25-29 anos,6645,25835
Rondônia,2010,30-34 anos,3479,25835
Rondônia,2010,35-39 anos,1228,25835
Rondônia,2010,40-44 anos,264,25835
Rondônia,2010,Outras idades,22,25835
Rondônia,2016,10-14 anos,249,26602
Rondônia,2016,15-19 anos,5086,26602
Rondônia,2016,20-24 anos,7691,26602
Rondônia,2016,25-29 anos,6659,26602
Rondônia,2016,30-34 anos,4483,26602
Rondônia,2016,35-39 anos,2009,26602
Rondônia,2016,40-44 anos,408,26602
Rondônia,2016,Outras idades,17,26602
Rondônia,2017,10-14 anos,234,27503
Rondônia,2017,15-19 anos,4817,27503
Rondônia,2017,20-24 anos,7869,27503
Rondônia,2017,25-29 anos,6925,27503
Rondônia,2017,30-34 anos,4919,27503
Rondônia,2017,35-39 anos,2271,27503
Rondônia,2017,40-44 anos,439,27503
Rondônia,2017,Outras idades,29,27503
Rondônia,2018,10-14 anos,224,28091
Rondônia,2018,15-19 anos,4691,28091
Rondônia,2018,20-24 anos,7855,28091
Rondônia,2018,25-29 anos,7187,28091
Rondônia,2018,30-34 anos,5109,28091
Rondônia,2018,35-39 anos,2512,28091
Rondônia,2018,40-44 anos,486,28091
Rondônia,2018,Outras idades,27,28091
Rondônia,2019,10-14 anos,198,27028
Rondônia,2019,15-19 anos,4360,27028
Rondônia,2019,20-24 anos,7347,27028
Rondônia,2019,25-29 anos,7000,27028
Rondônia,2019,30-34 anos,4980,27028
Rondônia,2019,35-39 anos,2575,27028
Rondônia,2019,40-44 anos,546,27028
Rondônia,2019,Outras idades,22,27028
Rondônia,2020,10-14 anos,157,25798
Rondônia,2020,15-19 anos,3920,25798
Rondônia,2020,20-24 anos,7099,25798
Rondônia,2020,25-29 anos,6644,25798
Rondônia,2020,30-34 anos,4863,25798
Rondônia,2020,35-39 anos,2513,25798
Rondônia,2020,40-44 anos,571,25798
Rondônia,2020,Outras idades,31,25798
Rondônia,2021,10-14 anos,178,25439
Rondônia,2021,15-19 anos,3817,25439
Rondônia,2021,20-24 anos,7044,25439
Rondônia,2021,25-29 anos,6588,25439
Rondônia,2021,30-34 anos,4770,25439
Rondônia,2021,35-39 anos,2427,25439
Rondônia,2021,40-44 anos,587,25439
Rondônia,2021,Outras idades,28,25439
Roraima,2000,10-14 anos,207,9744
Roraima,2000,15-19 anos,2677,9744
Roraima,2000,20-24 anos,3144,9744
Roraima,2000,25-29 anos,2042,9744
Roraima,2000,30-34 anos,1015,9744
Roraima,2000,35-39 anos,492,9744
Roraima,2000,40-44 anos,136,9744
Roraima,2000,Idade ignorada,19,9744
Roraima,2000,Outras idades,12,9744
Roraima,2010,10-14 anos,190,9738
Roraima,2010,15-19 anos,2253,9738
Roraima,2010,20-24 anos,2866,9738
Roraima,2010,25-29 anos,2276,9738
Roraima,2010,30-34 anos,1394,9738
Roraima,2010,35-39 anos,587,9738
Roraima,2010,40-44 anos,155,9738
Roraima,2010,Outras idades,17,9738
Roraima,2016,10-14 anos,235,11376
Roraima,2016,15-19 anos,2576,11376
Roraima,2016,20-24 anos,3083,11376
Roraima,2016,25-29 anos,2441,11376
Roraima,2016,30-34 anos,1831,11376
Roraima,2016,35-39 anos,952,11376
Roraima,2016,40-44 anos,232,11376
Roraima,2016,Idade ignorada,5,11376
Roraima,2016,Outras idades,21,11376
Roraima,2017,10-14 anos,196,11737
Roraima,2017,15-19 anos,2500,11737
Roraima,2017,20-24 anos,3195,11737
Roraima,2017,25-29 anos,2639,11737
Roraima,2017,30-34 anos,1938,11737
Roraima,2017,35-39 anos,981,11737
Roraima,2017,40-44 anos,264,11737
Roraima,2017,Idade ignorada,2,11737
Roraima,2017,Outras idades,22,11737
Roraima,2018,10-14 anos,229,13344
Roraima,2018,15-19 anos,2818,13344
Roraima,2018,20-24 anos,3755,13344
Roraima,2018,25-29 anos,2966,13344
Roraima,2018,30-34 anos,2115,13344
Roraima,2018,35-39 anos,1124,13344
Roraima,2018,40-44 anos,284,13344
Roraima,2018,Idade ignorada,29,13344
Roraima,2018,Outras idades,24,13344
Roraima,2019,10-14 anos,193,14620
Roraima,2019,15-19 anos,3017,14620
Roraima,2019,20-24 anos,4259,14620
Roraima,2019,25-29 anos,3204,14620
Roraima,2019,30-34 anos,2222,14620
Roraima,2019,35-39 anos,1314,14620
Roraima,2019,40-44 anos,362,14620
Roraima,2019,Idade ignorada,22,14620
Roraima,2019,Outras idades,27,14620
Roraima,2020,10-14 anos,189,13760
Roraima,2020,15-19 anos,2640,13760
Roraima,2020,20-24 anos,3990,13760
Roraima,2020,25-29 anos,3116,13760
Roraima,2020,30-34 anos,2181,13760
Roraima,2020,35-39 anos,1273,13760
Roraima,2020,40-44 anos,337,13760
Roraima,2020,Idade ignorada,9,13760
Roraima,2020,Outras idades,25,13760
Roraima,2021,10-14 anos,207,13901
Roraima,2021,15-19 anos,2729,13901
Roraima,2021,20-24 anos,4025,13901
Roraima,2021,25-29 anos,3210,13901
Roraima,2021,30-34 anos,2127,13901
Roraima,2021,35-39 anos,1214,13901
Roraima,2021,40-44 anos,365,13901
Roraima,2021,Idade ignorada,1,13901
Roraima,2021,Outras idades,23,13901
Santa Catarina,2000,10-14 anos,623,94828
Santa Catarina,2000,15-19 anos,19056,94828
Santa Catarina,2000,20-24 anos,26801,94828
Santa Catarina,2000,25-29 anos,22835,94828
Santa Catarina,2000,30-34 anos,15436,94828
Santa Catarina,2000,35-39 anos,7812,94828
Santa Catarina,2000,40-44 anos,2032,94828
Santa Catarina,2000,Idade ignorada,76,94828
Santa Catarina,2000,Outras idades,157,94828
Santa Catarina,2010,10-14 anos,544,84611
Santa Catarina,2010,15-19 anos,13367,84611
Santa Catarina,2010,20-24 anos,21638,84611
Santa Catarina,2010,25-29 anos,22408,84611
Santa Catarina,2010,30-34 anos,16627,84611
Santa Catarina,2010,35-39 anos,7921,84611
Santa Catarina,2010,40-44 anos,1986,84611
Santa Catarina,2010,Outras idades,120,84611
Santa Catarina,2016,10-14 anos,451,95313
Santa Catarina,2016,15-19 anos,12051,95313
Santa Catarina,2016,20-24 anos,22142,95313
Santa Catarina,2016,25-29 anos,24558,95313
Santa Catarina,2016,30-34 anos,21856,95313
Santa Catarina,2016,35-39 anos,11469,95313
Santa Catarina,2016,40-44 anos,2657,95313
Santa Catarina,2016,Outras idades,129,95313
Santa Catarina,2017,10-14 anos,377,98335
Santa Catarina,2017,15-19 anos,11314,98335
Santa Catarina,2017,20-24 anos,22892,98335
Santa Catarina,2017,25-29 anos,25248,98335
Santa Catarina,2017,30-34 anos,22643,98335
Santa Catarina,2017,35-39 anos,12914,98335
Santa Catarina,2017,40-44 anos,2798,98335
Santa Catarina,2017,Outras idades,149,98335
Santa Catarina,2018,10-14 anos,322,99609
Santa Catarina,2018,15-19 anos,10581,99609
Santa Catarina,2018,20-24 anos,23102,99609
Santa Catarina,2018,25-29 anos,25541,99609
Santa Catarina,2018,30-34 anos,22977,99609
Santa Catarina,2018,35-39 anos,13842,99609
Santa Catarina,2018,40-44 anos,3101,99609
Santa Catarina,2018,Outras idades,143,99609
Santa Catarina,2019,10-14 anos,308,98032
Santa Catarina,2019,15-19 anos,9845,98032
Santa Catarina,2019,20-24 anos,22383,98032
Santa Catarina,2019,25-29 anos,24971,98032
Santa Catarina,2019,30-34 anos,23031,98032
Santa Catarina,2019,35-39 anos,14172,98032
Santa Catarina,2019,40-44 anos,3163,98032
Santa Catarina,2019,Idade ignorada,1,98032
Santa Catarina,2019,Menor de 10 anos,1,98032
Santa Catarina,2019,Outras idades,157,98032
Santa Catarina,2020,10-14 anos,305,97916
Santa Catarina,2020,15-19 anos,9066,97916
Santa Catarina,2020,20-24 anos,22381,97916
Santa Catarina,2020,25-29 anos,25364,97916
Santa Catarina,2020,30-34 anos,23011,97916
Santa Catarina,2020,35-39 anos,14107,97916
Santa Catarina,2020,40-44 anos,3489,97916
Santa Catarina,2020,Outras idades,193,97916
Santa Catarina,2021,10-14 anos,258,96499
Santa Catarina,2021,15-19 anos,8530,96499
Santa Catarina,2021,20-24 anos,22015,96499
Santa Catarina,2021,25-29 anos,25231,96499
Santa Catarina,2021,30-34 anos,22606,96499
Santa Catarina,2021,35-39 anos,13954,96499
Santa Catarina,2021,40-44 anos,3703,96499
Santa Catarina,2021,Outras idades,202,96499
Sergipe,2000,10-14 anos,391,40716
Sergipe,2000,15-19 anos,9113,40716
Sergipe,2000,20-24 anos,12386,40716
Sergipe,2000,25-29 anos,9091,40716
Sergipe,2000,30-34 anos,5432,40716
Sergipe,2000,35-39 anos,2717,40716
Sergipe,2000,40-44 anos,783,40716
Sergipe,2000,Idade ignorada,708,40716
Sergipe,2000,Outras idades,95,40716
Sergipe,2010,10-14 anos,395,34016
Sergipe,2010,15-19 anos,6541,34016
Sergipe,2010,20-24 anos,9387,34016
Sergipe,2010,25-29 anos,8441,34016
Sergipe,2010,30-34 anos,5699,34016
Sergipe,2010,35-39 anos,2688,34016
Sergipe,2010,40-44 anos,795,34016
Sergipe,2010,Outras idades,70,34016
Sergipe,2016,10-14 anos,379,32218
Sergipe,2016,15-19 anos,6413,32218
Sergipe,2016,20-24 anos,8319,32218
Sergipe,2016,25-29 anos,7139,32218
Sergipe,2016,30-34 anos,5830,32218
Sergipe,2016,35-39 anos,3219,32218
Sergipe,2016,40-44 anos,857,32218
Sergipe,2016,Outras idades,62,32218
Sergipe,2017,10-14 anos,331,33867
Sergipe,2017,15-19 anos,6325,33867
Sergipe,2017,20-24 anos,8609,33867
Sergipe,2017,25-29 anos,7542,33867
Sergipe,2017,30-34 anos,6491,33867
Sergipe,2017,35-39 anos,3613,33867
Sergipe,2017,40-44 anos,904,33867
Sergipe,2017,Outras idades,52,33867
Sergipe,2018,10-14 anos,353,34256
Sergipe,2018,15-19 anos,5989,34256
Sergipe,2018,20-24 anos,8613,34256
Sergipe,2018,25-29 anos,7699,34256
Sergipe,2018,30-34 anos,6620,34256
Sergipe,2018,35-39 anos,3919,34256
Sergipe,2018,40-44 anos,998,34256
Sergipe,2018,Outras idades,65,34256
Sergipe,2019,10-14 anos,316,32697
Sergipe,2019,15-19 anos,5349,32697
Sergipe,2019,20-24 anos,8085,32697
Sergipe,2019,25-29 anos,7438,32697
Sergipe,2019,30-34 anos,6434,32697
Sergipe,2019,35-39 anos,3977,32697
Sergipe,2019,40-44 anos,1026,32697
Sergipe,2019,Outras idades,72,32697
Sergipe,2020,10-14 anos,308,31784
Sergipe,2020,15-19 anos,5123,31784
Sergipe,2020,20-24 anos,7915,31784
Sergipe,2020,25-29 anos,7276,31784
Sergipe,2020,30-34 anos,6192,31784
Sergipe,2020,35-39 anos,3848,31784
Sergipe,2020,40-44 anos,1060,31784
Sergipe,2020,Outras idades,62,31784
Sergipe,2021,10-14 anos,279,31206
Sergipe,2021,15-19 anos,4628,31206
Sergipe,2021,20-24 anos,7817,31206
Sergipe,2021,25-29 anos,7372,31206
Sergipe,2021,30-34 anos,6056,31206
Sergipe,2021,35-39 anos,3900,31206
Sergipe,2021,40-44 anos,1083,31206
Sergipe,2021,Outras idades,71,31206
São Paulo,2000,10-14 anos,4031,687779
São Paulo,2000,15-19 anos,129573,687779
São Paulo,2000,20-24 anos,203034,687779
São Paulo,2000,25-29 anos,170853,687779
São Paulo,2000,30-34 anos,113924,687779
São Paulo,2000,35-39 anos,52372,687779
São Paulo,2000,40-44 anos,11824,687779
São Paulo,2000,Idade ignorada,1414,687779
São Paulo,2000,Outras idades,754,687779
São Paulo,2010,10-14 anos,3347,601352
São Paulo,2010,15-19 anos,85704,601352
São Paulo,2010,20-24 anos,151830,601352
São Paulo,2010,25-29 anos,158644,601352
São Paulo,2010,30-34 anos,123965,601352
São Paulo,2010,35-39 anos,61735,601352
São Paulo,2010,40-44 anos,15189,601352
São Paulo,2010,Idade ignorada,14,601352
São Paulo,2010,Outras idades,924,601352
São Paulo,2016,10-14 anos,2690,601437
São Paulo,2016,15-19 anos,76607,601437
São Paulo,2016,20-24 anos,137266,601437
São Paulo,2016,25-29 anos,147644,601437
São Paulo,2016,30-34 anos,137536,601437
São Paulo,2016,35-39 anos,79906,601437
São Paulo,2016,40-44 anos,18632,601437
São Paulo,2016,Idade ignorada,16,601437
São Paulo,2016,Menor de 10 anos,1,601437
São Paulo,2016,Outras idades,1139,601437
São Paulo,2017,10-14 anos,2432,611803
São Paulo,2017,15-19 anos,71626,611803
São Paulo,2017,20-24 anos,137865,611803
São Paulo,2017,25-29 anos,148656,611803
São Paulo,2017,30-34 anos,142210,611803
São Paulo,2017,35-39 anos,87502,611803
São Paulo,2017,40-44 anos,20308,611803
São Paulo,2017,Idade ignorada,8,611803
São Paulo,2017,Outras idades,1196,611803
São Paulo,2018,10-14 anos,2289,606146
São Paulo,2018,15-19 anos,65585,606146
São Paulo,2018,20-24 anos,134899,606146
São Paulo,2018,25-29 anos,145125,606146
São Paulo,2018,30-34 anos,142556,606146
São Paulo,2018,35-39 anos,92247,606146
São Paulo,2018,40-44 anos,22084,606146
São Paulo,2018,Idade ignorada,6,606146
São Paulo,2018,Outras idades,1355,606146
São Paulo,2019,10-14 anos,1961,583191
São Paulo,2019,15-19 anos,58837,583191
São Paulo,2019,20-24 anos,130836,583191
São Paulo,2019,25-29 anos,138848,583191
São Paulo,2019,30-34 anos,137372,583191
São Paulo,2019,35-39 anos,90647,583191
São Paulo,2019,40-44 anos,23228,583191
São Paulo,2019,Idade ignorada,13,583191
São Paulo,2019,Outras idades,1449,583191
São Paulo,2020,10-14 anos,1772,552310
São Paulo,2020,15-19 anos,52478,552310
São Paulo,2020,20-24 anos,124870,552310
São Paulo,2020,25-29 anos,133749,552310
São Paulo,2020,30-34 anos,128660,552310
São Paulo,2020,35-39 anos,86245,552310
São Paulo,2020,40-44 anos,23135,552310
São Paulo,2020,Idade ignorada,4,552310
São Paulo,2020,Outras idades,1397,552310
São Paulo,2021,10-14 anos,1661,525239
São Paulo,2021,15-19 anos,47430,525239
São Paulo,2021,20-24 anos,118171,525239
São Paulo,2021,25-29 anos,128892,525239
São Paulo,2021,30-34 anos,121181,525239
São Paulo,2021,35-39 anos,83008,525239
São Paulo,2021,40-44 anos,23523,525239
São Paulo,2021,Idade ignorada,5,525239
São Paulo,2021,Outras idades,1368,525239
Tocantins,2000,10-14 anos,422,26205
Tocantins,2000,15-19 anos,7952,26205
Tocantins,2000,20-24 anos,9525,26205
Tocantins,2000,25-29 anos,4746,26205
Tocantins,2000,30-34 anos,2134,26205
Tocantins,2000,35-39 anos,869,26205
Tocantins,2000,40-44 anos,279,26205
Tocantins,2000,Idade ignorada,233,26205
Tocantins,2000,Outras idades,45,26205
Tocantins,2010,10-14 anos,379,24471
Tocantins,2010,15-19 anos,5854,24471
Tocantins,2010,20-24 anos,7692,24471
Tocantins,2010,25-29 anos,5794,24471
Tocantins,2010,30-34 anos,3221,24471
Tocantins,2010,35-39 anos,1210,24471
Tocantins,2010,40-44 anos,307,24471
Tocantins,2010,Idade ignorada,2,24471
Tocantins,2010,Outras idades,12,24471
Tocantins,2016,10-14 anos,300,23870
Tocantins,2016,15-19 anos,4936,23870
Tocantins,2016,20-24 anos,6609,23870
Tocantins,2016,25-29 anos,5746,23870
Tocantins,2016,30-34 anos,4063,23870
Tocantins,2016,35-39 anos,1790,23870
Tocantins,2016,40-44 anos,404,23870
Tocantins,2016,Outras idades,22,23870
Tocantins,2017,10-14 anos,287,24935
Tocantins,2017,15-19 anos,4951,24935
Tocantins,2017,20-24 anos,6805,24935
Tocantins,2017,25-29 anos,5945,24935
Tocantins,2017,30-34 anos,4441,24935
Tocantins,2017,35-39 anos,2040,24935
Tocantins,2017,40-44 anos,440,24935
Tocantins,2017,Outras idades,26,24935
Tocantins,2018,10-14 anos,292,25480
Tocantins,2018,15-19 anos,4691,25480
Tocantins,2018,20-24 anos,7016,25480
Tocantins,2018,25-29 anos,5986,25480
Tocantins,2018,30-34 anos,4583,25480
Tocantins,2018,35-39 anos,2348,25480
Tocantins,2018,40-44 anos,539,25480
Tocantins,2018,Outras idades,25,25480
Tocantins,2019,10-14 anos,241,24449
Tocantins,2019,15-19 anos,4353,24449
Tocantins,2019,20-24 anos,6645,24449
Tocantins,2019,25-29 anos,5853,24449
Tocantins,2019,30-34 anos,4488,24449
Tocantins,2019,35-39 anos,2305,24449
Tocantins,2019,40-44 anos,536,24449
Tocantins,2019,Outras idades,28,24449
Tocantins,2020,10-14 anos,255,23729
Tocantins,2020,15-19 anos,4108,23729
Tocantins,2020,20-24 anos,6358,23729
Tocantins,2020,25-29 anos,5682,23729
Tocantins,2020,30-34 anos,4462,23729
Tocantins,2020,35-39 anos,2272,23729
Tocantins,2020,40-44 anos,559,23729
Tocantins,2020,Outras idades,33,23729
Tocantins,2021,10-14 anos,262,23747
Tocantins,2021,15-19 anos,4045,23747
Tocantins,2021,20-24 anos,6293,23747
Tocantins,2021,25-29 anos,5791,23747
Tocantins,2021,30-34 anos,4352,23747
Tocantins,2021,35-39 anos,2373,23747
Tocantins,2021,40-44 anos,586,23747
Tocantins,2021,Outras idades,45,23747
